player_key,filename
Algeria__Emile Dorval,13.jpg
Algeria__Kilian Belazzoug,19.jpg
Algeria__Yacine Titraoui,19.jpg
Algeria__Yacine Titraoui,09.jpg
Algeria__Yacine Titraoui,16.jpg
Algeria__Yacine Titraoui,18.jpg
Algeria__Yacine Titraoui,09.jpg
Argentina__Lionel Messi,02.jpg
Australia__Jacob Italiano,19.jpg
Australia__Jacob Italiano,05.jpg
Australia__Jacob Italiano,06.jpg
Australia__Jacob Italiano,18.jpg
Australia__Jacob Italiano,17.jpg
Australia__Patrick Beach,14.jpg
Australia__Patrick Beach,20.jpg
Australia__Patrick Beach,02.jpg
Australia__Patrick Beach,06.jpg
Australia__Patrick Beach,09.jpg
Australia__Patrick Beach,16.jpg
Australia__Patrick Beach,11.jpg
Austria__David Affengruber,17.jpg
Austria__David Affengruber,02.jpg
Austria__David Affengruber,07.jpg
Austria__David Affengruber,02.jpg
Austria__Romano Schmid,09.jpg
Austria__Romano Schmid,13.jpg
Bosnia-Herzegovina__Amar Dedic,20.jpg
Bosnia-Herzegovina__Jovo Lukic,13.jpg
Bosnia-Herzegovina__Jovo Lukic,18.jpg
Bosnia-Herzegovina__Nidal Celik,16.jpg
Bosnia-Herzegovina__Nidal Celik,06.jpg
Bosnia-Herzegovina__Nidal Celik,05.jpg
Bosnia-Herzegovina__Nidal Celik,06.jpg
Bosnia-Herzegovina__Nikola Vasiljev,08.jpg
Bosnia-Herzegovina__Nikola Vasiljev,07.jpg
Bosnia-Herzegovina__Nikola Vasiljev,11.jpg
Bosnia-Herzegovina__Nikola Vasiljev,09.jpg
Bosnia-Herzegovina__Nikola Vasiljev,06.jpg
Bosnia-Herzegovina__Nikola Vasiljev,03.jpg
Bosnia-Herzegovina__Nikola Vasiljev,14.jpg
Bosnia-Herzegovina__Nikola Vasiljev,01.jpg
Bosnia-Herzegovina__Osman Hadzikic,03.jpg
Bosnia-Herzegovina__Osman Hadzikic,20.jpg
Bosnia-Herzegovina__Osman Hadzikic,17.jpg
Bosnia-Herzegovina__Samed Bazdar,17.jpg
Brazil__Hugo Souza,17.jpg
Brazil__Kaiki,12.jpg
Brazil__Kaiki,02.jpg
Brazil__Kaiki,13.jpg
Brazil__Kaiki,06.jpg
Brazil__Kaiki,03.jpg
Brazil__Kaiki,07.jpg
Brazil__Kaiki,11.jpg
Brazil__Kaiki,14.jpg
Brazil__Kaiki,20.jpg
Brazil__Kaiki,19.jpg
Brazil__Léo Pereira,11.jpg
Brazil__Léo Pereira,04.jpg
Brazil__Léo Pereira,10.jpg
Brazil__Léo Pereira,19.jpg
Brazil__Léo Pereira,05.jpg
Brazil__Marquinhos,16.jpg
Brazil__Rayan,06.jpg
Brazil__Rayan,05.jpg
Brazil__Rayan,19.jpg
Brazil__Rayan,08.jpg
Brazil__Rayan,02.jpg
Brazil__Rayan,14.jpg
Brazil__Rayan,13.jpg
Brazil__Rayan,03.jpg
Brazil__Rayan,09.jpg
Brazil__Rayan,18.jpg
Canada__Mathieu Choinière,14.jpg
Canada__Niko Sigur,15.jpg
Canada__Niko Sigur,19.jpg
Canada__Niko Sigur,06.jpg
Cape Verde__Arcanjo,14.jpg
Cape Verde__Fábio Domingos,all images
Australia__Jacob Italiano,all images
Australia__Patrick Beach,all images
Bosnia-Herzegovina__Nikola Vasiljev,all images
Cape Verde__Jordan Mendes,05.jpg
Cape Verde__Jordan Mendes,02.jpg
Cape Verde__Jordan Mendes,19.jpg
Cape Verde__Jordan Mendes,04.jpg
Cape Verde__Jorginho Soares,11.jpg
Cape Verde__Jorginho Soares,19.jpg
Cape Verde__João Paulo,06.jpg
Cape Verde__João Paulo,12.jpg
Cape Verde__João Paulo,18.jpg
Cape Verde__Kelvin Spencer Pires,all images
Cape Verde__Márcio Rosa,06.jpg
Cape Verde__Márcio Rosa,20.jpg
Cape Verde__Roberto Lopes,18.jpg
Cape Verde__Roberto Lopes,17.jpg
Cape Verde__Semedo,all images
Cape Verde__Sidny Cabral,17.jpg
Colombia__Jhon Córdoba,03.jpg
Colombia__Luis Suárez,19.jpg
Colombia__Luis Suárez,06.jpg
Colombia__Luis Suárez,03.jpg
Congo DR__Grady Diangana,10.jpg
Congo DR__Ngal'ayel Mukau,14.jpg
Congo DR__Ngal'ayel Mukau,16.jpg
Congo DR__Ngal'ayel Mukau,18.jpg
Congo DR__Samuel Moutoussamy,19.jpg
Congo DR__Samuel Moutoussamy,03.jpg
Congo DR__Timothy Fayulu,06.jpg
Congo DR__Timothy Fayulu,05.jpg
Croatia__Luka Vuskovic,02.jpg
Croatia__Martin Baturina,14.jpg
Croatia__Toni Fruk,20.jpg
Croatia__Toni Fruk,14.jpg
Ecuador__Anthony Valencia,18.jpg
Ecuador__Anthony Valencia,03.jpg
Ecuador__Anthony Valencia,06.jpg
Ecuador__Elias Legendre,09.jpg
Ecuador__Elias Legendre,11.jpg
Ecuador__John Yeboah,13.jpg
Ecuador__John Yeboah,04.jpg
Ecuador__Leonardo Realpe,16.jpg
Ecuador__Pedro Vite,05.jpg
Ecuador__Pervis Estupiñán,20.jpg
Ecuador__Pervis Estupiñán,14.jpg
Egypt__Emam Ashour,13.jpg
Egypt__Mahdy Soliman,16.jpg
Egypt__Mahmoud Saber,11.jpg
Egypt__Mahmoud Saber,13.jpg
Egypt__Marwan Attia,13.jpg
Egypt__Mohamed Abdelmonem,09.jpg
Egypt__Mohamed Alaa,11.jpg
Egypt__Mohamed Alaa,05.jpg
Egypt__Mohamed Alaa,19.jpg
Egypt__Mohamed Alaa,04.jpg
Egypt__Mohamed Alaa,09.jpg
Egypt__Mohamed Alaa,06.jpg
Egypt__Mohamed Alaa,11.jpg
Egypt__Mohamed Alaa,16.jpg
Egypt__Tarek Alaa,12.jpg
Egypt__Tarek Alaa,16.jpg
Egypt__Tarek Alaa,13.jpg
Egypt__Tarek Alaa,10.jpg
Egypt__Trézéguet,all images
England__Harry Kane,01.jpg
England__Harry Maguire,02.jpg
Germany__Kevin Schade,07.jpg
Ghana__Kamaldeen Sulemana,01.jpg
Ghana__Kwasi Sibo,17.jpg
Ghana__Thomas Partey,10.jpg
Haiti__Carl-Fred Sainte,19.jpg
Haiti__Delentz Pierre,07.jpg
Haiti__Ricardo Adé,15.jpg
Haiti__Woodensky Pierre,all images
Iran__Ali Nemati,18.jpg
Iran__Ali Nemati,07.jpg
Iran__Ali Nemati,09.jpg
Iran__Amir Razzaghinia,all images
Iran__Amirhossein Hosseinzadeh,06.jpg
Iran__Amirhossein Mahmoudi,all images
Iran__Danial Iri,03.jpg
Iran__Danial Iri,19.jpg
Iran__Danial Iri,09.jpg
Iran__Danial Iri,18.jpg
Iran__Danial Iri,20.jpg
Iran__Daniel Esmaeilifar,all images
Iran__Dennis Eckert,19.jpg
Iran__Ehsan Mahroughi,all images
Iran__Hadi Habibinejad,11.jpg
Iran__Hadi Habibinejad,14.jpg
Iran__Hadi Habibinejad,16.jpg
Iran__Hadi Habibinejad,09.jpg
Iran__Hadi Habibinejad,12.jpg
Iran__Hossein Abarghouei,03.jpg
Iran__Hossein Abarghouei,15.jpg
Iran__Hossein Abarghouei,06.jpg
Iran__Hossein Abarghouei,14.jpg
Iran__Hossein Abarghouei,08.jpg
Iran__Hossein Kanani,10.jpg
Iran__Hossein Kanani,17.jpg
Iran__Hossein Kanani,19.jpg
Iran__Hossein Kanani,20.jpg
Iran__Hossein Kanani,15.jpg
Iran__Hossein Kanani,11.jpg
Iran__Mehdi Hashemnejad,13.jpg
Iran__Mehdi Hashemnejad,16.jpg
Iran__Mehdi Hashemnejad,04.jpg
Iran__Mehdi Hashemnejad,03.jpg
Iran__Mehdi Torabi,19.jpg
Iran__Mohammad Khalifeh,02.jpg
Iran__Mohammad Khalifeh,19.jpg
Iran__Mohammad Khalifeh,04.jpg
Iran__Mohammad Khalifeh,05.jpg
Iran__Mohammad Khalifeh,08.jpg
Iran__Mohammad Khalifeh,18.jpg
Iran__Mohammad Khalifeh,17.jpg
Iran__Mohammad Khalifeh,15.jpg
Iran__Mohammad Khalifeh,09.jpg
Iran__Mohammad Mohebbi,all images
Iran__Omid Norafkan,all images
Iran__Saleh Hardani,09.jpg
Iran__Saleh Hardani,15.jpg
Iran__Saman Fallah,20.jpg
Iran__Saman Ghoddos,05.jpg
Iran__Saman Ghoddos,19.jpg
Iraq__Ahmed Basil Al-Fadhli,all images
Iraq__Ahmed Hasan,all images
Iraq__Akam Hashim Rahman,all images
Iraq__Ali Ibrahim Al-Hamadi,all images
Iraq__Ali Yousif Hashim,all images
Iraq__Frans Dhia Haddad,all images
Iraq__Hasan Abdulkareem,14.jpg
Iraq__Hussein Ali,19.jpg
Iraq__Hussein Ali,09.jpg
Iraq__Hussein Ali,15.jpg
Iraq__Hussein Ali,12.jpg
Iraq__Hussein Ali,02.jpg
Iraq__Karrar Nabeel19,all images
Iraq__Kumel Saadi,15.jpg
Iraq__Kumel Saadi,14.jpg
Iraq__Kumel Saadi,13.jpg
Iraq__Kumel Saadi,17.jpg
Iraq__Maytham Jabbar,16.jpg
Iraq__Maytham Jabbar,18.jpg
Iraq__Maytham Jabbar,17.jpg
Iraq__Maytham Jabbar,19.jpg
Iraq__Maytham Jabbar,14.jpg
Iraq__Mohanad Ali Kadhim,20.jpg
Iraq__Mohanad Ali Kadhim,17.jpg
Iraq__Munaf Younis Hashim,all images
Iraq__Rebin Solaka,16.jpg
Ivory Coast__Mohamed Koné,20.jpg
Ivory Coast__Mohamed Koné,05.jpg
Ivory Coast__Mohamed Koné,19.jpg
Ivory Coast__Yan Diomande,10.jpg
Japan__Joel Chima Fujita,08.jpg
Japan__Joel Chima Fujita,13.jpg
Jordan__Abdallah Al-Fakhouri,06.jpg
Jordan__Abdallah Al-Fakhouri,16.jpg
Jordan__Abdallah Al-Fakhouri,09.jpg
Jordan__Abdallah Al-Fakhouri,10.jpg
Jordan__Abdallah Al-Fakhouri,20.jpg
Jordan__Abdallah Khaled Khaleel Al-Shuaybat,all images
Jordan__Abdallah Khaled Khaleel Al-Shuaybat,all images
Jordan__Ahmad Assaf,13.jpg
Jordan__Ahmad Assaf,16.jpg
Jordan__Ali Azaizeh,all images
Jordan__Amer Rasem Adel Jamous,all images
Jordan__Baha' Faisal,17.jpg
Jordan__Husam Ali Mohammad Abudahab,all images
Jordan__Ibrahim Mohammad Abdallah Sabra,18.jpg
Jordan__Ibrahim Mohammad Abdallah Sabra,15.jpg
Jordan__Ibrahim Mohammad Abdallah Sabra,11.jpg
Jordan__Ibrahim Sadeh,13.jpg
Jordan__Ibrahim Sadeh,20.jpg
Jordan__Ibrahim Sadeh,10.jpg
Jordan__Mahmoud Al-Mardi,19.jpg
Jordan__Mohammad Abu Hasheesh,20.jpg
Jordan__Mohammad Abu Hasheesh,15.jpg
Jordan__Mohammad Abualnadi,09.jpg
Jordan__Mohammad Ahmed Mohammad Taha,all images
Jordan__Mohammad Ratib Mohammad Al-Daoud,all images
Jordan__Mohannad Abu Taha,19.jpg
Jordan__Mousa Al-Tamari,20.jpg
Jordan__Odeh Burhan Shehade Fakhoury,all images
Jordan__Saleem Obaid,18.jpg
Jordan__Saleem Obaid,12.jpg
Jordan__Saleem Obaid,15.jpg
Jordan__Saleem Obaid,15.jpg
Jordan__Saleem Obaid,16.jpg
Jordan__Yazan Al-Arab,12.jpg
Jordan__Yousef Abualjazar,all images
Jordan__Yousef Hussein Abed Qashi,all images
Mexico__Everardo López,20.jpg
Mexico__Guillermo Martínez,10.jpg
Mexico__Guillermo Martínez,05.jpg
Mexico__Jesús Angulo,03.jpg
Mexico__Jesús Angulo,13.jpg
Mexico__Jesús Angulo,05.jpg
Mexico__Jesús Angulo,15.jpg
Morocco__Brahim Díaz,14.jpg
Morocco__Brahim Díaz,19.jpg
Morocco__El Mehdi Benabid,02.jpg
Morocco__El Mehdi Benabid,15.jpg
Morocco__Redouane Halal,all images
New Zealand__Francis DeVries,all images
Panama__César Samudio,17.jpg
Panama__César Samudio,18.jpg
Panama__Jorge Gutiérrez,10.jpg
Panama__Jorge Gutiérrez,07.jpg
Panama__Michael Murillo,06.jpg
Paraguay__José Canale,20.jpg
Paraguay__José Canale,11.jpg
Paraguay__Julio Enciso,03.jpg
Paraguay__Julio Enciso,17.jpg
Paraguay__Mauricio,all images
Paraguay__Miguel Almirón,08.jpg
Paraguay__Orlando Gil,all images
Portugal__Paulinho,all images
Qatar__Ahmed Al Ganehi,13.jpg
Qatar__Ahmed Al Ganehi,16.jpg
Qatar__Ahmed Husham Ali Alrawi,all images
Qatar__Al Hashmi Al Hussain Mohi Aldin,all images
Qatar__Anas Abdulsalam Abweny,all images
Qatar__Gueye Seydinaissa Laye,01.jpg
Qatar__Ibrahim Mohammad Al Hassan Ibrahim Mohammad Ali,all images
Qatar__Khaled Ali Binsabaa,all images
Qatar__Mahmud Ibrahim Abunada,all images
Qatar__Marwan Sharaf Salaheldin Hassan,all images
Qatar__Mohamed Khaled Ahmed Gamal Al Deen Gouda,06.jpg
Qatar__Mohamed Khaled Ahmed Gamal Al Deen Gouda,14.jpg
Qatar__Mohamed Khaled Ahmed Gamal Al Deen Gouda,03.jpg
Qatar__Mohamed Khaled Ahmed Gamal Al Deen Gouda,09.jpg
Qatar__Mohamed Khaled Ahmed Gamal Al Deen Gouda,04.jpg
Qatar__Mohamed Naceur Almanai,all images
Qatar__Moustafa Tarek Mashal,all images
Qatar__Mubark Shanan Hamza,all images
Qatar__Niall Mason,17.jpg
Qatar__Shehab Ellethy,16.jpg
Qatar__Shehab Ellethy,10.jpg
Spain__Yéremy Pino,10.jpg
Spain__Yéremy Pino,15.jpg
Saudi Arabia__Abdulaziz Al-Aliwa,13.jpg
Saudi Arabia__Abdulaziz Al-Aliwa,11.jpg
Saudi Arabia__Abdulaziz Al-Aliwa,19.jpg
Saudi Arabia__Aiman Yahya,07.jpg
Saudi Arabia__Aiman Yahya,15.jpg
Saudi Arabia__Aiman Yahya,05.jpg
Saudi Arabia__Hassan Mahbub,all images
Saudi Arabia__Khalifah Al-Dawsari,14.jpg
Saudi Arabia__Khalifah Al-Dawsari,15.jpg
Saudi Arabia__Khalifah Al-Dawsari,18.jpg
Saudi Arabia__Mohammed Al-Yami,07.jpg
Saudi Arabia__Mohammed Al-Yami,12.jpg
Saudi Arabia__Mohammed Al-Yami,02.jpg
Saudi Arabia__Mohammed Mahzari,16.jpg
Saudi Arabia__Mohammed Mahzari,19.jpg
Saudi Arabia__Mohammed Mahzari,07.jpg
Saudi Arabia__Musab Al-Juwayr,11.jpg
Saudi Arabia__Musab Al-Juwayr,16.jpg
Saudi Arabia__Naif Masoud,16.jpg
Saudi Arabia__Rayane Hamidou,11.jpg
Saudi Arabia__Rayane Hamidou,12.jpg
Saudi Arabia__Rayane Hamidou,19.jpg
Saudi Arabia__Rayane Hamidou,18.jpg
Saudi Arabia__Saleh Al-Shehri,15.jpg
Saudi Arabia__Saleh Al-Shehri,16.jpg
Saudi Arabia__Sultan Mandash,20.jpg
Saudi Arabia__Sultan Mandash,06.jpg
Saudi Arabia__Ziyad Aljohani,all images
Senegal__Idrissa Gueye,08.jpg
Senegal__Idrissa Gueye,07.jpg
Senegal__Idrissa Gueye,18.jpg
Senegal__Kalidou Koulibaly,13.jpg
Senegal__Lamine Camara,05.jpg
Senegal__Lamine Camara,10.jpg
South Africa__Tholo Matuludi,10.jpg
South Africa__Tholo Matuludi,12.jpg
South Africa__Tholo Matuludi,09.jpg
South Africa__Tholo Matuludi,14.jpg
South Africa__Tholo Matuludi,15.jpg
South Korea__Kim Min-Jae,07.jpg
South Korea__Kim Moon-Hwan,19.jpg
South Korea__Kim Seung-Gyu,19.jpg
South Korea__Kim Tae-Hyeon,07.jpg
South Korea__Kim Tae-Hyeon,08.jpg
South Korea__Lee Jae-Sung,03.jpg
South Korea__Lee Kang-in,07.jpg
Sweden__Victor Lindelöf,11.jpg
Sweden__Victor Lindelöf,05.jpg
Sweden__Viktor Gyökeres,10.jpg
Sweden__Yasin Ayari,13.jpg
Tunisia__Abdelmouhib Chamakh,02.jpg
Tunisia__Abdelmouhib Chamakh,15.jpg
Tunisia__Abdelmouhib Chamakh,14.jpg
Tunisia__Ellyes Skhiri,15.jpg
Tunisia__Ghaith Zaalouni,12.jpg
Tunisia__Ghaith Zaalouni,20.jpg
Tunisia__Ghaith Zaalouni,19.jpg
Tunisia__Hadj Mahmoud,14.jpg
Tunisia__Hadj Mahmoud,07.jpg
Tunisia__Khalil Ayari,09.jpg
Tunisia__Khalil Ayari,13.jpg
Tunisia__Louey Farhat,04.jpg
Tunisia__Louey Farhat,07.jpg
Tunisia__Mohamed Neffati,all images
Tunisia__Mortadha Ben Ouanes,15.jpg
Tunisia__Noureddine Farhati,16.jpg
Tunisia__Noureddine Farhati,04.jpg
Tunisia__Omar Ben Ali,12.jpg
Tunisia__Omar Ben Ali,09.jpg
Tunisia__Omar Ben Ali,07.jpg
Tunisia__Omar Ben Ali,18.jpg
Tunisia__Omar Ben Ali,15.jpg
Tunisia__Raed Chikhaoui,all images
Tunisia__Rayan Elloumi,11.jpg
Tunisia__Rayan Elloumi,14.jpg
Tunisia__Rayan Elloumi,13.jpg
Tunisia__Rayan Elloumi,08.jpg
Tunisia__Rayan Elloumi,10.jpg
Tunisia__Sabri Ben Hessen,17.jpg
Tunisia__Sabri Ben Hessen,14.jpg
Türkiye__Deniz Gül,20.jpg
Türkiye__Eren Elmali,15.jpg
Türkiye__Ozan Kabak,17.jpg
Türkiye__Ozan Kabak,20.jpg
Türkiye__Ozan Kabak,01.jpg
Türkiye__Ozan Kabak,12.jpg
Türkiye__Ozan Kabak,06.jpg
Türkiye__Ozan Kabak,02.jpg
United States__Antonee Robinson,15.jpg
United States__Chris Brady,13.jpg
United States__Chris Brady,08.jpg
United States__Chris Brady,15.jpg
United States__Chris Brady,06.jpg
United States__Chris Brady,10.jpg
United States__Mark McKenzie,14.jpg
United States__Mark McKenzie,20.jpg
United States__Mark McKenzie,12.jpg
Uruguay__Benjamín García,16.jpg
Uruguay__Benjamín García,15.jpg
Uruguay__Benjamín García,05.jpg
Uruguay__Brian Barboza,13.jpg
Uruguay__Emiliano Martínez,10.jpg
Uruguay__Emiliano Martínez,09.jpg
Uruguay__Emiliano Martínez,17.jpg
Uruguay__Emiliano Martínez,14-jpg
Uruguay__Emiliano Martínez,19.jpg
Uruguay__Emiliano Martínez,05.jpg
Uruguay__Emiliano Martínez,16.jpg
Uruguay__Emiliano Martínez,15.jpg
Uruguay__Facundo Martínez,06.jpg
Uruguay__Facundo Martínez,10.jpg
Uruguay__Facundo Martínez,03.jpg
Uruguay__Facundo Martínez,13.jpg
Uruguay__Pablo Alcoba,11.jpg
Uzbekistan__Azizjon G'aniyev,03.jpg
Uzbekistan__Azizjon G'aniyev,10.jpg
Uzbekistan__Azizjon G'aniyev,14.jpg
Uzbekistan__Azizjon G'aniyev,02.jpg
Uzbekistan__Azizjon G'aniyev,06.jpg
Uzbekistan__Behruzjon Karimov,10.jpg
Uzbekistan__Behruzjon Karimov,20.jpg
Uzbekistan__Ibrokhim Ibragimov,16.jpg
Uzbekistan__Igor Sergeev,19.jpg
Uzbekistan__Jakhongir O'Rozov,all images
Uzbekistan__Khojiakbar Alijonov,09.jpg
Uzbekistan__Muhammadkodir Hamraliev,06.jpg
Uzbekistan__Muhammadkodir Hamraliev,20.jpg
Uzbekistan__Muhammadkodir Hamraliev,01.jpg
Uzbekistan__Mukhammadrasul Abdumajidov,04.jpg
Uzbekistan__Mukhammadrasul Abdumajidov,05.jpg
Uzbekistan__Mukhammadrasul Abdumajidov,03.jpg
Uzbekistan__Odiljon Xamrobekov,18.jpg
Uzbekistan__Odiljon Xamrobekov,06.jpg
Uzbekistan__Odiljon Xamrobekov,14.jpg
Uzbekistan__Odiljon Xamrobekov,17.jpg
Uzbekistan__Odiljon Xamrobekov,10.jpg
Uzbekistan__Otabek Shukurov,12.jpg
Uzbekistan__Otabek Shukurov,06.jpg
Uzbekistan__Utkir Yusupov,19.jpg
Uzbekistan__Utkir Yusupov,16.jpg